Model,Historical MSE,Historical R-Square
ElasticNet,0.08318387353267402,0.916816126467326
Lasso,0.08711347932952405,0.912886520670476
Multiple Regression,0.5502648103294098,0.4497351896705901
Ridge,0.4696827776080836,0.5303172223919164
