Model,Gas Consumption,,,
,Historical MSE,Future MSE,Historical R-Square,Future R-Square
Multiple Regression,18.471347,3094.935898,0.978126,0.134126
Lasso,21.30021451,2983.783313,0.974776457,0.165223445
Ridge,17.87794896,3076.275762,0.978829077,0.139346724
ElasticNet,21.91998963,2981.890305,0.974042525,0.165753054
