Model,Gas Production,,,
,Historical MSE,Future MSE,Historical R-Square,Future R-Square
Multiple Regression,16.698805,3094.204748,0.980162,0.136188
Lasso,22.05641329,2987.632791,0.973797096,0.165940044
Ridge,16.34023973,3076.581292,0.980587881,0.141108216
ElasticNet,22.77878212,2984.797287,0.972938926,0.166731634
