Model,Gas Production,
,Historical MSE,Historical R-Square
Multiple Regression,0.019838093,0.980161907
Lasso,0.026202904,0.973797096
Ridge,0.019412119,0.980587881
ElasticNet,0.027061074,0.972938926
