Model,Historical MSE,Future MSE,Historical R-Square,Future R-Square
Multiple Regression,0.55026481,0.838431218,0.44973519,0.161568782
Lasso,0.087113479,0.811505098,0.912886521,0.188494902
Ridge,0.469682778,0.833890119,0.530317222,0.166109881
ElasticNet,0.083183874,0.811233771,0.916816126,0.188766229
