Year,World Barrels,Prediction
2019,0.0,92129.27549254018
2020,0.0,77402.86153504557
2021,0.0,65029.84769766551
2022,0.0,54982.73982830781
2023,0.0,47822.63511595524
