Model,Historical MSE,Historical R-Square
Lasso,0.025223542648859537,0.9747764573511405
