Year,Prediction
2019,136.28264382504548
2020,130.5586303760329
2021,131.54628825915583
2022,132.4251404437764
2023,132.9910658740182
