Model,Historical MSE,Historical R-Square
ElasticNet,0.02595747535872171,0.9740425246412783
