Year,Prediction
2019,136.34085143648264
2020,130.5724519716852
2021,131.55475108324944
2022,132.43658039703794
2023,132.98231250530256
