Year,Prediction
2019,136.9140840364199
2020,130.88426676996167
2021,131.8130312405396
2022,132.6057772576334
2023,133.29604443320875
