Model,Historical MSE,Historical R-Square
Ridge,0.01941211928252033,0.9805878807174797
