Year,Prediction
2019,137.2206307436889
2020,130.9631367536847
2021,131.90770301310732
2022,132.74077342205294
2023,133.46111360259107
