Model,Historical MSE,Future MSE,Historical R-Square,Future R-Square
Ridge,0.02117092331636843,0.860653275700771,0.9788290766836316,0.13934672429922912
