Model,Historical MSE,Future MSE,Historical R-Square,Future R-Square
ElasticNet,0.02595747535872171,0.8342469456711442,0.9740425246412783,0.1657530543288559
