Model,Historical MSE,Future MSE,Historical R-Square,Future R-Square
Lasso,0.025223542648859537,0.8347765548241897,0.9747764573511405,0.16522344517581045
