Model,Historical MSE,Future MSE,Historical R-Square,Future R-Square
ElasticNet,21.919989626791736,2981.890305088303,0.9740425246412783,0.1657530543288559
