Year,Prediction
2019,136.63082512609915
2020,130.64691201608272
2021,131.64538332330164
2022,132.56907320451896
2023,133.14140698929893
