Year,World Exajoules,Prediction
2019,0.0,129.3713640020195
2020,0.0,109.07307958786976
2021,0.0,92.40772823252988
2022,0.0,78.98354459230097
2023,0.0,68.16006211566408
