Model,Historical MSE,Future MSE,Historical R-Square,Future R-Square
Multiple Regression,18.47134718124219,3094.935898061838,0.9781263792792376,0.13412615628407287
