Year,Prediction
2019,136.60244100170553
2020,130.63971425214845
2021,131.63570883566814
2022,132.5549047230141
2023,133.12221082043152
