Model,Historical MSE,Historical R-Square
Ridge,0.02117092331636843,0.9788290766836316
