Year,World Exajoules,Prediction
2019,0.0,129.42803128323715
2020,0.0,109.13156958701967
2021,0.0,92.37785006496667
2022,0.0,78.50318918427995
2023,0.0,68.29827134311275
