Year,World Exajoules,Prediction
2019,0.0,129.2689461564823
2020,0.0,109.15952488506933
2021,0.0,92.50720048051522
2022,0.0,79.11168717687852
2023,0.0,68.13983277805812
