Year,World Exajoules,Prediction
2019,0.0,129.42531269016538
2020,0.0,109.13115534556701
2021,0.0,92.37471436305768
2022,0.0,78.54394826580615
2023,0.0,68.30583362089804
