Model,Historical MSE,Future MSE,Historical R-Square,Future R-Square
Lasso,21.300214507500844,2983.7833133961512,0.9747764573511405,0.16522344517581045
