Model,Historical MSE,Future MSE,Historical R-Square,Future R-Square
Ridge,17.877948955789833,3076.27576243626,0.9788290766836316,0.13934672429922912
