Model,Historical MSE,Future MSE,Historical R-Square,Future R-Square
Multiple Regression,0.01983809312362912,0.8638117387792394,0.9801619068763708,0.13618826122076066
