Model,Historical MSE,Future MSE,Historical R-Square,Future R-Square
ElasticNet,0.027061073957711537,0.8332683661656309,0.9729389260422884,0.16673163383436918
