Year,World Exajoules,Prediction
2019,0.0,129.67640975383074
2020,0.0,109.25754191600925
2021,0.0,92.40250571295212
2022,0.0,78.69974459364485
2023,0.0,68.42159553391257
