Model,Historical MSE,Future MSE,Historical R-Square,Future R-Square
Ridge,16.34023972514046,3076.5812921603365,0.9805878807174797,0.141108216118072
