Year,Prediction
2019,136.84941498167802
2020,130.87061295263806
2021,131.80401885358617
2022,132.5915376006013
2023,133.30492108318552
