Year,World Exajoules,Prediction
2019,0.0,129.67348669230944
2020,0.0,109.25706375856002
2021,0.0,92.3997935561395
2022,0.0,78.73917225695807
2023,0.0,68.42966576396978
