Model,Historical MSE,Historical R-Square
Lasso,0.026202903558623106,0.973797096441377
