Year,Prediction
2019,137.19240018881248
2020,130.95562789951003
2021,131.89785352951608
2022,132.72684566995062
2023,133.44131386417016
