Model,Historical MSE,Future MSE,Historical R-Square,Future R-Square
Ridge,0.01941211928252033,0.8588917838819281,0.9805878807174797,0.141108216118072
