Model,Historical MSE,Historical R-Square
ElasticNet,0.027061073957711537,0.9729389260422884
