Model,Historical MSE,Future MSE,Historical R-Square,Future R-Square
Multiple Regression,16.698805143941705,3094.204747733433,0.9801619068763708,0.13618826122076066
