Year,World Exajoules,Prediction
2019,0.0,129.6128666694603
2020,0.0,109.19869878353651
2021,0.0,92.43396370923627
2022,0.0,79.15135525734702
2023,0.0,68.29629759944005
