Year,World Exajoules,Prediction
2019,0.0,129.47631682743668
2020,0.0,109.2679049262537
2021,0.0,92.66261640822358
2022,0.0,79.30776262813994
2023,0.0,68.3031368521637
