Model,Historical MSE,Future MSE,Historical R-Square,Future R-Square
Lasso,0.026202903558623106,0.8340599561029285,0.973797096441377,0.16594004389707162
