Model,Historical MSE,Future MSE,Historical R-Square,Future R-Square
ElasticNet,22.778782123337134,2984.797287392157,0.9729389260422884,0.16673163383436918
