Model,Historical MSE,Future MSE,Historical R-Square,Future R-Square
Lasso,22.056413285497204,2987.632791046813,0.973797096441377,0.16594004389707162
