Model,Historical MSE,Historical R-Square
Lasso,0.061020315843734796,0.9389796841562653
