Year,Prediction
2019,97011.66012446574
2020,94710.95917449494
2021,95246.8790998715
2022,95610.18075706581
2023,95775.93994506872
