Year,Prediction
2019,97161.69322274419
2020,94735.51232335709
2021,95289.14491541545
2022,95688.36290448256
2023,95856.19954391907
