Model,Historical MSE,Historical R-Square
Ridge,0.239359719222003,0.760640280777997
