Year,World Barrels,Prediction
2019,0.0,94256.40408028584
2020,0.0,79187.75964869397
2021,0.0,66759.72060228777
2022,0.0,56483.79530853062
2023,0.0,48940.380678385845
