Model,Historical MSE,Future MSE,Historical R-Square,Future R-Square
Ridge,0.2393519188283708,0.8312535475038169,0.7606480811716292,0.16874645249618325
