Type,Historical MSE,Future MSE,Historical R-Square,Future R-Square
Multiple Regression,0.2895465064487502,0.8364937525892745,0.7104534935512499,0.1635062474107256
