Year,Prediction
2019,97011.81152501662
2020,94710.99509166666
2021,95246.88705443463
2022,95610.2175838049
2023,95775.9955366297
