Year,World Barrels,Prediction
2019,0.0,94162.5704849954
2020,0.0,79360.287402001
2021,0.0,66793.72004535138
2022,0.0,56791.95234470631
2023,0.0,48864.55552235435
