Model,Historical MSE,Future MSE,Historical R-Square,Future R-Square
Lasso,17017313.185506087,1560093991.542197,0.9389796841562653,0.1943560282638882
