Model,Historical MSE,Historical R-Square
Ridge,0.2393519188283708,0.7606480811716292
