Type,Historical MSE,Future MSE,Historical R-Square,Future R-Square
Multiple Regression,0.2895465064487502,0.06622002527392742,0.7104534935512499,0.9324573838613672
