Type,Historical MSE,Future MSE,Historical R-Square,Future R-Square
Multiple Regression,80748575.51746759,1619833230.5086331,0.7104534935512496,0.1635062474107254
