Year,Prediction
2019,97034.73096010707
2020,94709.77066251049
2021,95248.41639713793
2022,95617.54947964093
2023,95775.64441697965
