Year,World Barrels,Prediction
2019,0.0,94257.6744765621
2020,0.0,79186.64264047392
2021,0.0,66759.1162544738
2022,0.0,56452.53707885792
2023,0.0,48931.079383011565
