Year,Prediction
2019,97149.5164893312
2020,94732.45481463832
2021,95284.82225058449
2022,95682.06073821956
2023,95846.86235953312
