Year,Prediction
2019,97034.57708006374
2020,94709.73500785226
2021,95248.40742077206
2022,95617.53234737349
2023,95775.59190545262
