Model,Historical MSE,Future MSE,Historical R-Square,Future R-Square
ElasticNet,18434304.573036473,1557721561.3965955,0.9338986668962315,0.19558116857949148
