Year,Prediction
2019,97149.36315255835
2020,94732.41874759654
2021,95284.78802541459
2022,95682.03839783379
2023,95846.83906719032
