Model,Historical MSE,Historical R-Square
ElasticNet,0.06610133310376853,0.9338986668962315
