Model,Historical MSE,Future MSE,Historical R-Square,Future R-Square
Ridge,66750335.65353831,1609685804.6541898,0.7606480811716292,0.16874645249618325
