Year,World Barrels,Prediction
2019,0.0,94014.40371804002
2020,0.0,79570.3602316321
2021,0.0,66814.3199739593
2022,0.0,56899.60882518368
2023,0.0,48948.58354855259
