Model,Historical MSE,Historical R-Square
Lasso,0.06101939072234227,0.9389806092776577
