Model,Historical MSE,Future MSE,Historical R-Square,Future R-Square
ElasticNet,0.06610133310376853,0.8044188314205086,0.9338986668962315,0.19558116857949148
