Year,Prediction
2019,97161.84615099421
2020,94735.54847339116
2021,95289.17910481687
2022,95688.38504826951
2023,95856.2223941678
