Model,Historical MSE,Historical R-Square
ElasticNet,0.06610096267085466,0.9338990373291454
