Model,Historical MSE,Future MSE,Historical R-Square,Future R-Square
Lasso,0.061020315843734796,0.8056439717361119,0.9389796841562653,0.1943560282638882
