Year,Prediction
2019,94720.84315106086
2020,92596.94575478676
2021,93082.59628704787
2022,93302.60611815235
2023,93460.64668760597
