Model,Historical MSE,Future MSE,Historical R-Square,Future R-Square
Ridge,0.46968277760808363,0.833890118802578,0.5303172223919164,0.16610988119742168
