Year,Prediction
2019,94650.91324275533
2020,92555.17834754483
2021,93040.12990904078
2022,93269.3810764549
2023,93398.90695500378
