Model,Historical MSE,Future MSE,Historical R-Square,Future R-Square
Lasso,0.08711347932952405,0.8115050981522074,0.9128865206704759,0.18849490184779238
