Model,Historical MSE,Future MSE,Historical R-Square,Future R-Square
ElasticNet,19127028.458126694,1485059805.9678688,0.916816126467326,0.1887662287768247
