Model,Historical MSE,Historical R-Square
ElasticNet,0.08317308281198585,0.9168269171880141
