Model,Historical MSE,Future MSE,Historical R-Square,Future R-Square
ElasticNet,0.08318387353267402,0.811233771223175,0.916816126467326,0.1887662287768247
