Model,Historical MSE,Historical R-Square
Lasso,0.08711018419467867,0.9128898158053215
