Year,Prediction
2019,94711.74052037625
2020,92593.75092756405
2021,93078.72518844428
2022,93297.95848113694
2023,93452.77464954712
