Year,Prediction
2019,94711.63322886804
2020,92593.74242617442
2021,93078.73821855223
2022,93298.00380583986
2023,93452.76077745076
