Model,Historical MSE,Future MSE,Historical R-Square,Future R-Square
Ridge,107997325.34784041,1526534942.1539252,0.5303172223919164,0.16610988119742168
