Model,Historical MSE,Future MSE,Historical R-Square,Future R-Square
Multiple Regression,126526095.01939331,1534847963.859556,0.44973518967059023,0.1615687819626177
