Model,Historical MSE,Historical R-Square
Ridge,0.4697560203270586,0.5302439796729415
