Model,Historical MSE,Future MSE,Historical R-Square,Future R-Square
Lasso,20030589.1930815,1485556502.1495073,0.9128865206704759,0.18849490184779238
