Year,World Barrels,Prediction
2019,0.0,91932.43477313203
2020,0.0,77601.23935353415
2021,0.0,65069.93523631265
2022,0.0,55318.77958361663
2023,0.0,47780.01899043069
