Model,Historical MSE,Historical R-Square
Lasso,0.08711347932952405,0.9128865206704759
