Year,Prediction
2019,94661.99479299647
2020,92541.39229107228
2021,93031.93644043828
2022,93277.65748357445
2023,93399.00949516144
