Year,Prediction
2019,94720.73596807092
2020,92596.9371973071
2021,93082.60929341317
2022,93302.65152951262
2023,93460.63198626779
