Year,World Barrels,Prediction
2019,0.0,91766.32644498689
2020,0.0,77792.27577285818
2021,0.0,65175.83250727906
2022,0.0,55417.33269026836
2023,0.0,47761.456834409255
