Model,Historical MSE,Historical R-Square
Ridge,0.46968277760808363,0.5303172223919164
