Year,Prediction
2019,94651.02093260348
2020,92555.18659265939
2021,93040.11670312597
2022,93269.336032524
2023,93398.91831692231
