Year,World Barrels,Prediction
2019,0.0,92127.72385335086
2020,0.0,77403.89465151176
2021,0.0,65031.91709176199
2022,0.0,55014.315097288454
2023,0.0,47831.56561582738
