Year,Prediction
2019,94662.10192845194
2020,92541.40067284642
2021,93031.92323377404
2022,93277.61198940352
2023,93399.02393145056
